unit_id,batch,slot,bed_x_mm,bed_y_mm,foot_w_mm,foot_d_mm,fit_diagonal,fit,role,material,place_seq
ARCH07.EAST.RING.C00.B01,2,2,0.00,29.15,205.59,12.77,0,NORMAL,RING,qingshi,703
ARCH07.EAST.RING.C00.B13,2,3,0.00,41.92,205.59,12.77,0,NORMAL,RING,qingshi,704
ARCH07.EAST.RING.C00.B02,2,12,0.00,175.42,191.51,16.57,0,NORMAL,RING,qingshi,697
ARCH07.EAST.RING.C00.B12,2,13,0.00,191.99,191.51,16.57,0,NORMAL,RING,qingshi,698
ARCH07.EAST.RING.C00.B03,3,8,0.00,141.38,177.01,19.37,0,NORMAL,RING,qingshi,699
ARCH07.EAST.RING.C00.B11,3,9,0.00,160.76,177.01,19.37,0,NORMAL,RING,qingshi,700
ARCH07.EAST.RING.C00.B04,5,1,0.00,20.48,164.23,20.61,0,LOOSE,RING,qingshi,701
ARCH07.EAST.RING.C00.B10,5,2,0.00,41.09,164.23,20.61,0,LOOSE,RING,qingshi,702
ARCH07.EAST.RING.C00.B05,6,1,0.00,20.50,155.20,21.37,0,NORMAL,RING,qingshi,705
ARCH07.EAST.RING.C00.B09,6,2,0.00,41.87,155.20,21.37,0,NORMAL,RING,qingshi,706
ARCH07.EAST.CORE.C13.B02,9,4,0.00,122.32,150.33,64.14,0,NORMAL,CORE,maoshi,2679
ARCH07.EAST.RING.C00.B06,9,5,0.00,186.46,149.30,20.45,0,NORMAL,RING,qingshi,707
ARCH07.EAST.RING.C00.B08,10,0,0.00,0.00,149.30,20.45,0,NORMAL,RING,qingshi,708
ARCH07.EAST.RING.C00.B07,10,5,0.00,99.67,146.68,19.99,0,NORMAL,RING,qingshi,709
ARCH07.EAST.CORE.C13.B00,11,0,0.00,0.00,146.57,64.14,0,NORMAL,CORE,maoshi,2677
ARCH07.EAST.CORE.C14.B02,14,2,0.00,131.66,139.88,64.14,0,NORMAL,CORE,maoshi,2738
ARCH07.EAST.CORE.C14.B01,15,0,0.00,0.00,138.05,64.14,0,NORMAL,CORE,maoshi,816
ARCH07.EAST.CORE.C14.B00,16,0,0.00,0.00,135.84,64.14,0,NORMAL,CORE,maoshi,2737
ARCH07.EAST.CORE.C15.B02,19,0,0.00,0.00,133.89,64.44,0,TIGHT,CORE,maoshi,2808
ARCH07.EAST.CORE.C15.B01,20,0,0.00,0.00,131.98,64.44,0,TIGHT,CORE,maoshi,2807
ARCH07.EAST.SPANDREL.C08.B05,20,2,131.98,64.44,52.94,15.08,0,NORMAL,SPANDREL,qingshi,2655
ARCH07.WEST.SPANDREL.C08.B05,20,3,0.00,128.89,52.94,15.08,0,NORMAL,SPANDREL,qingshi,2659
ARCH07.EAST.SPANDREL.C09.B00,21,1,51.47,0.00,51.46,24.16,0,NORMAL,SPANDREL,qingshi,2667
ARCH07.WEST.SPANDREL.C09.B00,21,2,102.92,0.00,51.46,24.16,0,NORMAL,SPANDREL,qingshi,2674
ARCH07.WEST.SPANDREL.C09.B06,21,13,51.40,85.64,51.35,8.88,0,NORMAL,SPANDREL,qingshi,2676
ARCH07.EAST.SPANDREL.C09.B06,21,15,154.10,85.64,51.35,8.88,0,NORMAL,SPANDREL,qingshi,2669
ARCH07.EAST.SPANDREL.C13.B00,21,17,51.35,119.50,51.34,3.72,0,TIGHT,SPANDREL,qingshi,2747
ARCH07.WEST.SPANDREL.C13.B00,21,19,154.02,119.50,51.34,3.72,0,TIGHT,SPANDREL,qingshi,2763
ARCH07.EAST.SPANDREL.C13.B02,21,21,51.34,128.38,51.01,15.74,0,NORMAL,SPANDREL,qingshi,2749
ARCH07.WEST.SPANDREL.C13.B02,21,23,153.36,128.38,51.01,15.74,0,NORMAL,SPANDREL,qingshi,2765
ARCH07.WEST.SPANDREL.C13.B04,21,25,51.01,144.12,50.97,20.58,0,NORMAL,SPANDREL,qingshi,2767
ARCH07.EAST.SPANDREL.C13.B04,21,27,152.96,144.12,50.97,20.58,0,NORMAL,SPANDREL,qingshi,2751
ARCH07.EAST.SPANDREL.C13.B06,21,29,50.97,164.70,50.94,29.48,0,NORMAL,SPANDREL,qingshi,2753
ARCH07.WEST.SPANDREL.C13.B06,21,30,101.92,164.70,50.94,29.48,0,NORMAL,SPANDREL,qingshi,2769
ARCH07.EAST.SPANDREL.C12.B01,23,30,100.22,136.36,50.01,9.26,0,TIGHT,SPANDREL,qingshi,2724
ARCH07.WEST.SPANDREL.C12.B01,23,32,0.00,164.42,50.01,9.26,0,TIGHT,SPANDREL,qingshi,2734
ARCH07.EAST.SPANDREL.C12.B05,23,34,100.03,164.42,49.97,11.58,0,TIGHT,SPANDREL,qingshi,2726
ARCH07.WEST.SPANDREL.C12.B05,23,35,150.00,164.42,49.97,11.58,0,TIGHT,SPANDREL,qingshi,2735
ARCH07.EAST.SPANDREL.C11.B00,24,6,99.67,15.70,49.81,16.34,0,TIGHT,SPANDREL,qingshi,2709
ARCH07.WEST.SPANDREL.C11.B00,24,7,149.48,15.70,49.81,16.34,0,TIGHT,SPANDREL,qingshi,2715
ARCH07.WEST.SPANDREL.C14.B05,24,38,99.40,181.66,49.60,16.90,0,TIGHT,SPANDREL,qingshi,2803
ARCH07.EAST.SPANDREL.C14.B05,24,40,0.00,198.56,49.60,16.90,0,TIGHT,SPANDREL,qingshi,2785
ARCH07.EAST.SPANDREL.C14.B07,25,0,0.00,0.00,49.59,23.78,0,TIGHT,SPANDREL,qingshi,2787
ARCH07.WEST.SPANDREL.C14.B07,25,1,49.59,0.00,49.59,23.78,0,TIGHT,SPANDREL,qingshi,2805
ARCH07.WEST.SPANDREL.C10.B01,25,8,0.00,46.42,49.37,9.70,0,TIGHT,SPANDREL,qingshi,2701
ARCH07.EAST.SPANDREL.C10.B01,25,10,98.74,46.42,49.37,9.70,0,TIGHT,SPANDREL,qingshi,2688
ARCH07.EAST.SPANDREL.C10.B07,25,20,0.00,70.20,49.33,18.32,0,TIGHT,SPANDREL,qingshi,2691
ARCH07.WEST.SPANDREL.C10.B07,25,21,49.33,70.20,49.33,18.32,0,TIGHT,SPANDREL,qingshi,2704
ARCH07.EAST.SPANDREL.C14.B03,25,28,0.00,100.10,49.17,7.42,0,TIGHT,SPANDREL,qingshi,2783
ARCH07.WEST.SPANDREL.C14.B03,25,29,49.17,100.10,49.17,7.42,0,TIGHT,SPANDREL,qingshi,2801
ARCH07.EAST.SPANDREL.C14.B01,25,36,0.00,118.48,48.70,22.32,0,TIGHT,SPANDREL,qingshi,2781
ARCH07.WEST.SPANDREL.C14.B01,25,37,48.70,118.48,48.70,22.32,0,TIGHT,SPANDREL,qingshi,2799
ARCH07.EAST.BACK.C13.B06,26,19,0.00,76.74,29.48,19.93,0,NORMAL,BACK,maoshi,2745
ARCH07.WEST.BACK.C13.B06,26,20,29.48,76.74,29.48,19.93,0,NORMAL,BACK,maoshi,2761
ARCH07.EAST.SPANDREL.C08.B00,26,35,58.96,129.56,29.09,14.11,0,NORMAL,SPANDREL,qingshi,2654
ARCH07.WEST.SPANDREL.C08.B00,26,36,88.05,129.56,29.09,14.11,0,NORMAL,SPANDREL,qingshi,2658
ARCH07.EAST.SPANDREL.C13.B03,26,43,84.61,156.27,28.06,26.99,0,NORMAL,SPANDREL,qingshi,2750
ARCH07.EAST.BACK.C13.B03,26,44,112.67,156.27,28.06,25.27,0,NORMAL,BACK,maoshi,2742
ARCH07.WEST.SPANDREL.C13.B03,26,45,140.73,156.27,28.06,26.99,0,NORMAL,SPANDREL,qingshi,2766
ARCH07.WEST.BACK.C13.B03,26,46,168.79,156.27,28.06,25.27,0,NORMAL,BACK,maoshi,2758
ARCH07.EAST.SPANDREL.C09.B05,27,15,0.00,39.45,27.36,16.02,0,NORMAL,SPANDREL,qingshi,2668
ARCH07.WEST.SPANDREL.C09.B05,27,17,54.72,39.45,27.36,16.02,0,NORMAL,SPANDREL,qingshi,2675
ARCH07.EAST.SPANDREL.C12.B02,27,23,0.00,65.45,27.35,26.00,0,TIGHT,SPANDREL,qingshi,809
ARCH07.EAST.BACK.C12.B02,27,24,27.35,65.45,27.35,22.14,0,TIGHT,BACK,maoshi,807
ARCH07.WEST.SPANDREL.C12.B02,27,25,54.70,65.45,27.35,26.00,0,TIGHT,SPANDREL,qingshi,813
ARCH07.WEST.BACK.C12.B02,27,26,82.05,65.45,27.35,22.14,0,TIGHT,BACK,maoshi,811
ARCH07.EAST.SPANDREL.C13.B01,27,31,0.00,91.45,27.03,17.90,0,NORMAL,SPANDREL,qingshi,2748
ARCH07.WEST.SPANDREL.C13.B01,27,33,54.05,91.45,27.03,17.90,0,NORMAL,SPANDREL,qingshi,2764
ARCH07.EAST.SPANDREL.C13.B05,27,39,0.00,109.35,26.96,20.38,0,NORMAL,SPANDREL,qingshi,2752
ARCH07.WEST.SPANDREL.C13.B05,27,40,26.96,109.35,26.96,20.38,0,NORMAL,SPANDREL,qingshi,2768
ARCH07.EAST.SPANDREL.C12.B06,27,43,107.84,109.35,26.94,25.97,0,TIGHT,SPANDREL,qingshi,2727
ARCH07.EAST.BACK.C12.B06,27,44,134.78,109.35,26.94,18.65,0,TIGHT,BACK,maoshi,2722
ARCH07.WEST.SPANDREL.C12.B06,27,45,161.72,109.35,26.94,25.97,0,TIGHT,SPANDREL,qingshi,2736
ARCH07.WEST.BACK.C12.B06,27,46,188.66,109.35,26.94,18.65,0,TIGHT,BACK,maoshi,2732
ARCH07.EAST.SPANDREL.C13.B07,27,51,107.76,135.32,26.93,7.64,0,NORMAL,SPANDREL,qingshi,2754
ARCH07.WEST.SPANDREL.C13.B07,27,53,161.62,135.32,26.93,7.64,0,NORMAL,SPANDREL,qingshi,2770
ARCH07.EAST.BACK.C08.B05,27,63,0.00,179.19,26.52,15.08,0,NORMAL,BACK,maoshi,2653
ARCH07.WEST.BACK.C08.B05,27,64,26.52,179.19,26.52,15.08,0,NORMAL,BACK,maoshi,2657
ARCH07.EAST.SPANDREL.C12.B00,28,54,156.40,119.53,26.02,25.22,0,TIGHT,SPANDREL,qingshi,2723
ARCH07.WEST.SPANDREL.C12.B00,28,55,182.42,119.53,26.02,25.22,0,TIGHT,SPANDREL,qingshi,2733
ARCH07.EAST.SPANDREL.C12.B04,28,58,52.04,144.75,25.98,24.26,0,TIGHT,SPANDREL,qingshi,810
ARCH07.WEST.SPANDREL.C12.B04,28,60,104.01,144.75,25.98,24.26,0,TIGHT,SPANDREL,qingshi,815
ARCH07.EAST.SPANDREL.C14.B04,29,10,51.65,25.79,25.82,25.45,0,TIGHT,SPANDREL,qingshi,2784
ARCH07.EAST.BACK.C14.B04,29,11,77.47,25.79,25.82,19.49,0,TIGHT,BACK,maoshi,2775
ARCH07.WEST.SPANDREL.C14.B04,29,12,103.29,25.79,25.82,25.45,0,TIGHT,SPANDREL,qingshi,2802
ARCH07.WEST.BACK.C14.B04,29,13,129.11,25.79,25.82,19.49,0,TIGHT,BACK,maoshi,2793
ARCH07.EAST.SPANDREL.C11.B01,29,18,51.64,51.24,25.80,14.68,0,TIGHT,SPANDREL,qingshi,2710
ARCH07.WEST.SPANDREL.C11.B01,29,19,77.44,51.24,25.80,14.68,0,TIGHT,SPANDREL,qingshi,2716
ARCH07.EAST.SPANDREL.C11.B05,29,26,51.58,76.69,25.76,24.40,0,TIGHT,SPANDREL,qingshi,2711
ARCH07.WEST.SPANDREL.C11.B05,29,28,103.10,76.69,25.76,24.40,0,TIGHT,SPANDREL,qingshi,2717
ARCH07.WEST.BACK.C11.B01,29,60,102.62,144.53,25.64,14.68,0,TIGHT,BACK,maoshi,2713
ARCH07.EAST.BACK.C11.B01,29,62,153.89,144.53,25.64,14.68,0,TIGHT,BACK,maoshi,2707
ARCH07.EAST.SPANDREL.C14.B06,29,64,0.00,160.27,25.60,21.04,0,TIGHT,SPANDREL,qingshi,2786
ARCH07.WEST.SPANDREL.C14.B06,29,65,25.60,160.27,25.60,21.04,0,TIGHT,SPANDREL,qingshi,2804
ARCH07.EAST.SPANDREL.C14.B08,29,68,102.38,160.27,25.58,8.18,0,TIGHT,SPANDREL,qingshi,2788
ARCH07.WEST.SPANDREL.C14.B08,29,69,127.97,160.27,25.58,8.18,0,TIGHT,SPANDREL,qingshi,2806
ARCH07.WEST.SPANDREL.C10.B00,29,86,152.74,205.46,25.37,7.22,0,TIGHT,SPANDREL,qingshi,2700
ARCH07.EAST.SPANDREL.C10.B00,30,0,0.00,0.00,25.37,7.22,0,TIGHT,SPANDREL,qingshi,2687
ARCH07.EAST.SPANDREL.C10.B02,30,2,50.75,0.00,25.37,14.25,0,TIGHT,SPANDREL,qingshi,2689
ARCH07.WEST.SPANDREL.C10.B02,30,4,101.48,0.00,25.37,14.25,0,TIGHT,SPANDREL,qingshi,2702
ARCH07.EAST.SPANDREL.C10.B06,30,6,152.21,0.00,25.33,5.92,0,TIGHT,SPANDREL,qingshi,2690
ARCH07.WEST.SPANDREL.C10.B06,30,8,0.00,14.25,25.33,5.92,0,TIGHT,SPANDREL,qingshi,2703
ARCH07.WEST.SPANDREL.C10.B08,30,10,50.67,14.25,25.33,4.06,0,TIGHT,SPANDREL,qingshi,2705
ARCH07.EAST.SPANDREL.C10.B08,30,12,101.32,14.25,25.33,4.06,0,TIGHT,SPANDREL,qingshi,2692
ARCH07.EAST.BACK.C13.B00,30,14,151.97,14.25,25.31,3.72,0,TIGHT,BACK,maoshi,2739
ARCH07.WEST.BACK.C13.B00,30,16,0.00,20.17,25.31,3.72,0,TIGHT,BACK,maoshi,2755
ARCH07.EAST.BACK.C12.B00,30,28,101.05,38.07,25.22,24.67,0,TIGHT,BACK,maoshi,2718
ARCH07.WEST.BACK.C12.B00,30,29,126.27,38.07,25.22,24.67,0,TIGHT,BACK,maoshi,2728
ARCH07.EAST.BACK.C10.B08,30,32,0.00,62.74,25.17,4.06,0,TIGHT,BACK,maoshi,2686
ARCH07.WEST.BACK.C10.B08,30,34,50.35,62.74,25.17,4.06,0,TIGHT,BACK,maoshi,2699
ARCH07.EAST.SPANDREL.C14.B02,30,38,150.72,62.74,25.00,10.68,0,TIGHT,SPANDREL,qingshi,2782
ARCH07.WEST.SPANDREL.C14.B02,30,39,175.72,62.74,25.00,10.68,0,TIGHT,SPANDREL,qingshi,2800
ARCH07.EAST.BACK.C14.B06,30,52,98.92,95.16,24.63,21.04,0,TIGHT,BACK,maoshi,2777
ARCH07.WEST.BACK.C14.B06,30,53,123.55,95.16,24.63,21.04,0,TIGHT,BACK,maoshi,2795
ARCH07.EAST.BACK.C14.B03,30,56,0.00,116.20,24.59,7.42,0,TIGHT,BACK,maoshi,2774
ARCH07.WEST.BACK.C14.B03,30,57,24.59,116.20,24.59,7.42,0,TIGHT,BACK,maoshi,2792
ARCH07.WEST.SPANDREL.C14.B00,30,60,98.03,116.20,24.40,9.16,0,TIGHT,SPANDREL,qingshi,2798
ARCH07.EAST.SPANDREL.C14.B00,30,61,122.43,116.20,24.40,9.16,0,TIGHT,SPANDREL,qingshi,2780
ARCH07.EAST.BACK.C11.B05,30,64,0.00,125.36,24.40,21.33,0,TIGHT,BACK,maoshi,2708
ARCH07.WEST.BACK.C11.B05,30,65,24.40,125.36,24.40,21.33,0,TIGHT,BACK,maoshi,2714
ARCH07.EAST.BACK.C12.B01,30,68,97.60,125.36,24.38,9.26,0,TIGHT,BACK,maoshi,2719
ARCH07.WEST.BACK.C12.B01,30,69,121.98,125.36,24.38,9.26,0,TIGHT,BACK,maoshi,2729
ARCH07.WEST.BACK.C09.B05,30,74,24.37,146.70,24.32,16.02,0,NORMAL,BACK,maoshi,2672
ARCH07.EAST.BACK.C09.B05,30,76,73.02,146.70,24.32,16.02,0,NORMAL,BACK,maoshi,2665
ARCH07.EAST.BACK.C12.B04,30,82,0.00,162.72,24.26,23.63,0,TIGHT,BACK,maoshi,808
ARCH07.WEST.BACK.C12.B04,30,83,24.26,162.72,24.26,23.63,0,TIGHT,BACK,maoshi,812
ARCH07.EAST.BACK.C09.B00,30,90,193.93,162.72,24.16,19.56,0,NORMAL,BACK,maoshi,2663
ARCH07.WEST.BACK.C09.B00,30,91,0.00,186.35,24.16,19.56,0,NORMAL,BACK,maoshi,2670
ARCH07.EAST.BACK.C14.B07,31,0,0.00,0.00,23.78,22.49,0,TIGHT,BACK,maoshi,2778
ARCH07.WEST.BACK.C14.B07,31,1,23.78,0.00,23.78,22.49,0,TIGHT,BACK,maoshi,2796
ARCH07.WEST.BACK.C13.B07,31,6,142.67,0.00,23.65,7.64,0,NORMAL,BACK,maoshi,2762
ARCH07.EAST.BACK.C13.B07,31,8,189.97,0.00,23.65,7.64,0,NORMAL,BACK,maoshi,2746
ARCH07.WEST.BACK.C10.B06,31,16,164.53,22.49,23.30,5.92,0,TIGHT,BACK,maoshi,2697
ARCH07.EAST.BACK.C10.B06,31,18,0.00,43.65,23.30,5.92,0,TIGHT,BACK,maoshi,2684
ARCH07.WEST.BACK.C13.B02,31,38,45.89,74.32,22.91,15.74,0,NORMAL,BACK,maoshi,2757
ARCH07.EAST.BACK.C13.B02,31,40,91.71,74.32,22.91,15.74,0,NORMAL,BACK,maoshi,2741
ARCH07.EAST.BACK.C08.B00,31,58,90.72,109.50,22.66,14.11,0,NORMAL,BACK,maoshi,2652
ARCH07.WEST.BACK.C08.B00,31,60,136.03,109.50,22.66,14.11,0,NORMAL,BACK,maoshi,2656
ARCH07.EAST.BACK.C14.B01,31,74,44.68,149.20,22.32,18.75,0,TIGHT,BACK,maoshi,2772
ARCH07.WEST.BACK.C14.B01,31,75,67.00,149.20,22.32,18.75,0,TIGHT,BACK,maoshi,2790
ARCH07.WEST.BACK.C09.B06,32,5,109.74,0.00,21.80,8.88,0,NORMAL,BACK,maoshi,2673
ARCH07.EAST.BACK.C09.B06,32,7,153.34,0.00,21.80,8.88,0,NORMAL,BACK,maoshi,2666
ARCH07.EAST.BACK.C12.B05,32,31,21.27,62.22,21.25,11.58,0,TIGHT,BACK,maoshi,2721
ARCH07.WEST.BACK.C12.B05,32,32,42.51,62.22,21.25,11.58,0,TIGHT,BACK,maoshi,2731
ARCH07.EAST.BACK.C13.B01,32,39,190.93,62.22,21.15,17.90,0,NORMAL,BACK,maoshi,2740
ARCH07.WEST.BACK.C13.B01,32,40,0.00,80.12,21.15,17.90,0,NORMAL,BACK,maoshi,2756
ARCH07.WEST.BACK.C14.B05,32,60,0.00,121.88,20.89,16.90,0,TIGHT,BACK,maoshi,2794
ARCH07.EAST.BACK.C14.B05,32,62,41.77,121.88,20.89,16.90,0,TIGHT,BACK,maoshi,2776
ARCH07.EAST.IMPOST.C00.B01,32,69,187.26,121.88,20.70,7.48,0,TIGHT,IMPOST,qingshi,688
ARCH07.EAST.IMPOST.C01.B03,32,70,0.00,138.78,20.70,8.01,0,TIGHT,IMPOST,qingshi,682
ARCH07.EAST.IMPOST.C02.B01,32,71,20.70,138.78,20.70,8.80,0,TIGHT,IMPOST,qingshi,672
ARCH07.WEST.IMPOST.C00.B01,32,72,41.40,138.78,20.70,7.48,0,TIGHT,IMPOST,qingshi,692
ARCH07.WEST.IMPOST.C01.B03,32,73,62.10,138.78,20.70,8.01,0,TIGHT,IMPOST,qingshi,686
ARCH07.WEST.IMPOST.C02.B01,32,74,82.80,138.78,20.70,8.80,0,TIGHT,IMPOST,qingshi,676
ARCH07.EAST.IMPOST.C00.B03,32,85,103.50,147.58,20.70,7.36,0,TIGHT,IMPOST,qingshi,690
ARCH07.EAST.IMPOST.C00.B04,32,86,124.20,147.58,20.70,7.34,0,TIGHT,IMPOST,qingshi,691
ARCH07.EAST.IMPOST.C02.B03,32,87,144.90,147.58,20.70,8.68,0,TIGHT,IMPOST,qingshi,674
ARCH07.EAST.IMPOST.C02.B04,32,88,165.60,147.58,20.70,8.67,0,TIGHT,IMPOST,qingshi,675
ARCH07.WEST.IMPOST.C00.B03,32,89,186.30,147.58,20.70,7.36,0,TIGHT,IMPOST,qingshi,694
ARCH07.WEST.IMPOST.C00.B04,32,90,0.00,156.39,20.70,7.34,0,TIGHT,IMPOST,qingshi,695
ARCH07.WEST.IMPOST.C02.B03,32,91,20.70,156.39,20.70,8.68,0,TIGHT,IMPOST,qingshi,678
ARCH07.WEST.IMPOST.C02.B04,32,92,41.40,156.39,20.70,8.67,0,TIGHT,IMPOST,qingshi,679
ARCH07.EAST.IMPOST.C00.B02,32,157,144.90,208.26,20.70,7.47,0,TIGHT,IMPOST,qingshi,689
ARCH07.EAST.IMPOST.C01.B01,32,158,165.60,208.26,20.70,8.14,0,TIGHT,IMPOST,qingshi,680
ARCH07.EAST.IMPOST.C02.B02,32,159,186.30,208.26,20.70,8.79,0,TIGHT,IMPOST,qingshi,673
ARCH07.WEST.IMPOST.C00.B02,33,0,0.00,0.00,20.70,7.47,0,TIGHT,IMPOST,qingshi,693
ARCH07.WEST.IMPOST.C01.B01,33,1,20.70,0.00,20.70,8.14,0,TIGHT,IMPOST,qingshi,684
ARCH07.WEST.IMPOST.C02.B02,33,2,41.40,0.00,20.70,8.79,0,TIGHT,IMPOST,qingshi,677
ARCH07.EAST.BACK.C14.B02,33,9,186.30,0.00,20.62,10.68,0,TIGHT,BACK,maoshi,2773
ARCH07.WEST.BACK.C14.B02,33,10,0.00,10.68,20.62,10.68,0,TIGHT,BACK,maoshi,2791
ARCH07.EAST.BACK.C13.B04,33,13,61.85,10.68,20.58,20.35,0,NORMAL,BACK,maoshi,2743
ARCH07.WEST.BACK.C13.B04,33,14,82.43,10.68,20.58,20.35,0,NORMAL,BACK,maoshi,2759
ARCH07.EAST.BACK.C10.B07,33,17,144.17,10.68,20.51,18.32,0,TIGHT,BACK,maoshi,2685
ARCH07.WEST.BACK.C10.B07,33,18,164.68,10.68,20.51,18.32,0,TIGHT,BACK,maoshi,2698
ARCH07.EAST.BACK.C10.B01,33,21,20.51,31.03,20.48,9.70,0,TIGHT,BACK,maoshi,2681
ARCH07.WEST.BACK.C10.B01,33,22,41.00,31.03,20.48,9.70,0,TIGHT,BACK,maoshi,2694
ARCH07.EAST.BACK.C10.B00,33,25,102.45,31.03,20.39,7.22,0,TIGHT,BACK,maoshi,2680
ARCH07.WEST.BACK.C10.B00,33,26,122.84,31.03,20.39,7.22,0,TIGHT,BACK,maoshi,2693
ARCH07.EAST.BACK.C13.B05,33,29,184.02,31.03,20.38,19.14,0,NORMAL,BACK,maoshi,2744
ARCH07.WEST.BACK.C13.B05,33,30,0.00,50.17,20.38,19.14,0,NORMAL,BACK,maoshi,2760
ARCH07.EAST.BACK.C11.B00,33,53,39.76,87.62,19.77,16.34,0,TIGHT,BACK,maoshi,2706
ARCH07.WEST.BACK.C11.B00,33,54,59.53,87.62,19.77,16.34,0,TIGHT,BACK,maoshi,2712
ARCH07.EAST.BACK.C14.B08,33,59,158.30,87.62,19.73,8.18,0,TIGHT,BACK,maoshi,2779
ARCH07.WEST.BACK.C14.B08,33,60,178.02,87.62,19.73,8.18,0,TIGHT,BACK,maoshi,2797
ARCH07.EAST.BACK.C14.B00,33,69,135.17,103.96,19.29,9.16,0,TIGHT,BACK,maoshi,2771
ARCH07.WEST.BACK.C14.B00,33,70,154.46,103.96,19.29,9.16,0,TIGHT,BACK,maoshi,2789
ARCH07.EAST.BACK.C10.B02,33,81,151.02,113.66,18.38,14.25,0,TIGHT,BACK,maoshi,2682
ARCH07.WEST.BACK.C10.B02,33,83,187.78,113.66,18.38,14.25,0,TIGHT,BACK,maoshi,2695
ARCH07.EAST.IMPOST.C01.B02,33,95,200.91,131.82,14.91,8.07,0,TIGHT,IMPOST,qingshi,681
ARCH07.WEST.IMPOST.C01.B02,33,96,0.00,148.42,14.91,8.07,0,TIGHT,IMPOST,qingshi,685
ARCH07.EAST.IMPOST.C01.B04,33,101,72.63,148.42,13.95,7.97,0,TIGHT,IMPOST,qingshi,683
ARCH07.WEST.IMPOST.C01.B04,33,102,86.58,148.42,13.95,7.97,0,TIGHT,IMPOST,qingshi,687
