file,title,period,archive,shelfmark,url,access_date,rights,sha256
guajiatun_2020.jpg,挂甲屯现貌(当代实拍),2020,当代实拍,—,自摄/公开资料,2026-10-03,待核,c93eaaf116f1195e
llz_csg_jingxidao.jpg,村史馆静安院匾额(展陈物),当代,六郎庄村史馆(树村北街),—,现场拍摄,2026-10-03,待核,bbd335f813fb80e7
llz_csg_wuhugun.jpg,村史馆五虎棍展区,当代,六郎庄村史馆,—,现场拍摄,2026-10-03,待核,b7a54c1b6bee0baf
llz_park_2025_1.jpg,六郎庄公园稻田(京西稻轮作),2025,当代实拍,—,现场拍摄,2026-10-03,待核,8bf3de18bd6cb529
llz_rice_seed_1980s.jpg,京西稻种穗(1980s 品种照),1980s,公开资料,—,Wikimedia Commons,2026-10-03,公共领域,3f31e158d11b723b
sanshanyuan_minglu_p020231116367488913476.docx,(待补录),,,,,,,4f0529478bff06fc
sanshanyuan_overview.png,三山五园地区传统地名保护名录(第一批)总览页,2024,北京市规划和自然资源委员会,公示2023-11-16~12-15;通知2024-06-20,政府公开docx附图,2026-10-03,待核,95cd236bdda37f1b
wanshoushan_kunminghu_1879.jpg,万寿山·昆明湖(1879 照片),1879,公共领域,—,Wikimedia Commons,2026-10-03,公共领域,1800fa583a247f3f
sanshanyuan_tu_4000.png,清 佚名《三山五园图》(绢本设色,全图展示版 4000px),清代,馆藏由用户于 2026-10-03 确认可用,原幅面 51×88 幅;本机原稿 ~/Downloads/清 佚名 三山五园图51x88.tif(10468×6072),2026-10-03,已确认(用户),待核-sha
sanshanyuan_tu_1200.png,清 佚名《三山五园图》(预览版 1200px),清代,同上,同上,同上,2026-10-03,已确认(用户),待核-sha
