file,class,note,bytes,sha256,status
sanshanyuan_shuoan_roi_4000.png,MEC-1,《清 佚名 三山五园图》寿安山段切片（公有领域）,11788882,feb4a9aaf1ec2778df7df4fad8aac248db305bc9b5990bfc259456cb72dd283e,OK
beijing_1915_shuoan_roi.png,MEC-2,民国四年(1915)《實測京師四郊地圖》寿安山段切片（公有领域）,1878481,b5bcc6a09a7287a9ecd7a8f2fa05547ba8d760bfbbf27ca1e3a52cf1232c537e,OK
yuanshi_folio.png,VEC-1,《元史》卷二十八书影示意（依据公开文本排印，非原刊扫描）,71319,18356949b40e66129f49e1248cac260dba60e166077667052a985f5a351a9de9,OK
shi_ji_bei_tuoying.png,VEC-1,清代重修寺记碑记拓影示意（依据公开文本排印，非原石拓片）,57884,842a498f5dc94c03b283e05b9328762f2081a8f92c821c8fa2c9e426b64e8fec,OK
shie_yaodian_tuoying.png,VEC-1,寺额「十方普觉寺」拓影示意（依据公开图文，非实物扫描）,51902,c9c1430c5b5ffa4e0f95cfcd8fa1af73bf3b798aaee96a2fb3d25c19a86e0777,OK
shifangpujue_wofoe_photo.png,VEC-3,元代释迦牟尼涅槃铜卧佛影像示意（制作组绘制，非实物照片）,16470,a0cc77eded1c9a06113745be5f875c41f32e100ee38be51d63b7523b99616d68,OK
shifangpujue_wofoe_face.png,VEC-3,铜卧佛面部特写示意（制作组绘制，非实物照片）,20059,ad0d19bfe7ff7979526763f87217be5dd900ce170f2baac7b31cd8695c94b988,OK
shifangpujue_garden_view.png,VEC-3,卧佛寺与国家植物园共存实景示意（制作组绘制，非实物照片）,45016,29452ccd79199456c33273b40401aa1de4733c691076db356b6d872ac164e1b5,OK
mec3_six_names_timeline.png,MEC-3,六名纵贯时间轴（制作组矢量示意）,93158,9223ff433797e1141e154695019f3fce982f0d1183190d0291881742e21f99c4,OK
mec4_composite_eras.png,MEC-4,四时代叠合图（制作组矢量示意）,116386,2d46f5ac4b368b35902a5e064fad32b828173f3a5bd5e2eee718e04b87b4d627,OK
